setting_1,setting_2,setting_3,sensor_2,sensor_3,sensor_4,sensor_7,sensor_8,sensor_9,sensor_11,sensor_12,sensor_13,sensor_14,sensor_15,sensor_17,sensor_20,sensor_21,engine_id,cycle,rul
11.500477692071751,0.28846446345258886,95.34716102692505,612.3624661504708,1514.2687610700425,1324.562277382742,389.25447257103116,2332.86699760326,8811.291108827856,46.06004648764919,368.7900441152282,2413.7392585247585,8188.708965568298,8.740148191451114,372.5445855526037,28.24697379566544,16.978417018320293,machine-1-engine-1,1,17
11.479085497490344,0.28961591062379977,95.2128411908675,613.5112895522049,1524.04114164157,1326.778255541409,388.463211158452,2343.92022306523,8864.444539722654,46.23384923750277,367.92865924822087,2420.123930850238,8227.987570150837,8.764834152306163,373.2503344763317,28.13175411161224,16.901541316036294,machine-1-engine-1,2,16
11.51910618442248,0.2915259092663026,95.35691240681902,613.8443427459513,1522.0483038366892,1324.6905735117418,389.6309916905632,2340.2061880211727,8847.525193743986,46.20157053272391,367.8165147620885,2415.080246262036,8213.416565899997,8.745459723921469,372.6735347459425,28.16104599939331,16.97883080685576,machine-1-engine-1,3,15
11.532474431887843,0.29050408797941113,95.282348379616,609.8264955081687,1507.0480666072924,1317.635087345098,391.9533587263252,2330.1065902328846,8804.37687821649,45.925572220416555,370.23344198571755,2408.2802678146786,8152.337169504998,8.68516811836778,371.07306907677713,28.341738806891396,17.048803006760696,machine-1-engine-1,4,14
11.51008581746226,0.29068627049764406,95.2136637798795,605.4041420032717,1499.961247875763,1308.0069489498446,395.31408373248985,2316.6486362912633,8780.502869280304,45.44681230463512,371.1251791543768,2387.936121830276,8134.65194071987,8.636193025334745,368.99025638325065,28.54062006857454,17.182491991987977,machine-1-engine-1,5,13
11.508405947499016,0.29103054820439195,95.5360036115569,602.37986926473,1493.4798561927025,1306.3280752638432,395.98389030822426,2314.585469467194,8762.92834427436,45.21077881221721,372.8313054403545,2380.6425742574347,8086.73390289522,8.57186469747178,367.35586305479166,28.7179301367783,17.208428983043703,machine-1-engine-1,6,12
11.559370798312239,0.29261505385306397,95.59874141434244,602.4591654261974,1498.3261641843003,1305.8142642359267,395.850547746686,2311.7966415951296,8755.52260579073,45.35229469425912,373.25666817668576,2385.499772891641,8119.793478315596,8.595621100665449,367.6306654290234,28.631847446441228,17.21547264287128,machine-1-engine-1,7,11
11.564720187103438,0.28857128095686685,95.31450987428086,606.7824732759003,1503.2845879298588,1315.062939481635,392.91315083730854,2331.6277505041803,8803.485297368277,45.66234333608101,369.71057585319016,2392.9148561366515,8146.147655253289,8.64747953723291,369.89076935079896,28.523062129679513,17.096426978863175,machine-1-engine-1,8,10
11.587757040070327,0.2903596921170994,95.26862046620639,612.8973392624716,1519.9226663557747,1328.0390323910276,387.6740996644378,2343.0514083717344,8819.61464767887,45.93904074440777,368.23664922060084,2412.3996287966906,8199.122970910243,8.726630292266002,372.2068480780205,28.179365092345556,16.994193378321427,machine-1-engine-1,9,9
11.627289241755008,0.293527588313239,95.50118675979091,616.4424274046609,1527.2015185868313,1334.6528661119426,386.69579937639946,2356.7121735589153,8858.787531793207,46.3618494616157,367.2790957224576,2426.7010564371376,8270.941795452247,8.781633850438732,374.4634491571188,28.089876801984023,16.883636545049345,machine-1-engine-1,10,8
11.653890518335626,0.29918276112299996,95.56780328632371,619.6228759116251,1535.6929760413152,1335.4857608071334,385.43337985952746,2357.268705106622,8893.218479139374,46.83671674575691,365.3009074136783,2439.832003472005,8276.966351610023,8.85580116970773,375.3974306451234,27.928386072174526,16.809716151586098,machine-1-engine-1,11,7
11.710572550728243,0.2954717111753071,95.6660196614471,616.731342603258,1526.2346168964693,1336.0542973654206,385.0537163063514,2355.0816874495213,8867.913448160774,46.6362632622873,366.9710126742134,2429.295521907442,8260.618192940297,8.800959845087961,374.3550129441721,28.01438730714375,16.879233950764206,machine-1-engine-1,12,6
11.693039949557114,0.2937824606206362,95.60796927330016,611.7261558896593,1520.2238922167983,1323.9159364617965,389.5793435559321,2341.234815055186,8837.139494065383,46.25173585581199,368.74870838079994,2419.2245358312293,8208.216816350092,8.74548257665082,373.3148324189115,28.157208184914154,16.93873810547651,machine-1-engine-1,13,5
11.709360527898081,0.2901440739645009,95.66451353697764,610.4550688977071,1513.1582879658683,1317.682170893125,390.9623966756848,2336.0106666887045,8851.075029358844,46.035654093129025,369.8326969711329,2406.7308262249708,8164.200337844395,8.695104101997384,371.55370437576573,28.271648687842134,17.067614623148646,machine-1-engine-1,14,4
11.81411648581145,0.29438584148424174,95.70688253295438,608.6631365230716,1510.3071715018903,1317.2455392744644,391.4154299982751,2327.222926932716,8791.194930627003,46.010489841142395,370.2986695290829,2401.922002743344,8202.364516666428,8.736213516901504,370.46944233726515,28.365687896043816,17.049165568837612,machine-1-engine-1,15,3
11.797469351586043,0.2959865674946469,95.82962717107598,613.5870811695004,1519.4814993530842,1323.4622018925563,389.4466419323051,2337.058557604902,8831.963387407211,46.09435295547999,368.1632662313825,2414.164748248741,8212.823146261528,8.752280203409828,372.4755682179597,28.201989035831428,16.992057269476167,machine-1-engine-1,16,2
11.842511516130696,0.2991574003950687,95.81493945770357,618.3900907956807,1535.7802779533217,1336.826726007196,385.5381838613224,2354.439398445048,8861.937534253457,46.66329262411237,365.9334783768329,2436.389878985507,8234.66735735405,8.826827717780164,374.84756976768176,28.0340273743369,16.88969829004919,machine-1-engine-1,17,1
11.863781930078174,0.29970831694587025,95.7849971150713,624.0811246202459,1542.5800687070284,1343.2071977629978,381.24133365519856,2362.9885097161787,8916.828874877732,47.05663880821278,363.68307629493233,2451.559933927134,8285.612060877127,8.894934084467934,377.8134750908963,27.81654499024118,16.735225308139814,machine-1-engine-1,18,0
11.532307766696972,0.2951177846298864,94.82867871115977,613.7526180376285,1521.5504964840568,1324.1417733544372,389.50466149795966,2336.590990347551,8854.031324570522,46.1707296540362,367.9124108848883,2415.4945727093987,8228.749156828171,8.760448784014345,372.57651369308417,28.215187680467242,16.989243078774756,machine-1-engine-2,1,18
11.572496631457035,0.2916213291120682,95.13902140378897,616.3241295405907,1523.9503145820906,1328.3093327785796,386.5385218548205,2347.285300620365,8835.15945901182,46.3798901276519,368.39286939705187,2426.7488319185554,8245.672823333925,8.778456199443315,373.5251962047508,28.190348597547995,16.917840767101506,machine-1-engine-2,2,17
11.586095253937893,0.29357535227982623,94.85604511264899,611.8219496474655,1514.7790960197487,1320.7330196430853,389.23831698787154,2343.866416327136,8842.760209318447,46.103084551094774,368.7183484927489,2420.0547324673494,8196.53611070973,8.7238919356132,373.27698058674287,28.20291191249919,16.977065894029955,machine-1-engine-2,3,16
11.602312040684216,0.2964283431990077,94.93701778273562,607.7403048826287,1504.4934490334565,1315.567685581796,393.04067259510873,2322.440917283477,8806.12972512821,45.55155567559361,370.40029941798207,2398.0600424712593,8171.9036314562645,8.64625468486297,369.8419070896825,28.460235963351494,17.106692305045524,machine-1-engine-2,4,15
11.598060094455512,0.29289323130697753,94.948645982696,602.9952454453297,1499.8355748036124,1303.6120869942372,396.23289267681054,2315.9935191971117,8755.483296388242,45.329694377075604,372.7422426154135,2377.3705006868854,8120.826656981419,8.554810597270098,367.89169048307576,28.560303525362738,17.216788872978174,machine-1-engine-2,5,14
11.624103729357152,0.295254150168417,94.84917394949407,600.9548337115959,1497.2826567109648,1302.8429829985898,398.5502907969775,2312.252188464039,8769.232782664943,45.10093990060548,373.98391418493145,2374.2059210255325,8106.990488992498,8.573119709051715,367.8442952720241,28.81409278741823,17.250600236577004,machine-1-engine-2,6,13
11.64335453663269,0.29251977333479734,94.80589331553743,606.2158996909072,1504.1497393020811,1310.7307203213654,394.67107394268453,2326.471924435118,8770.478454968768,45.47577908480681,370.22030319965415,2392.3017486275276,8131.746508124053,8.608668752415651,369.4364489707043,28.53951361466605,17.1685391126125,machine-1-engine-2,7,12
11.635771347651739,0.29901054985466113,94.85219868698643,611.209769802396,1516.4232049134298,1319.6245579044542,390.6734193272562,2336.590097861015,8827.56392570082,45.98691972321823,368.10056976164117,2404.748421671863,8203.109146954486,8.71730838753518,372.26825578173526,28.16787140953908,17.01586652064745,machine-1-engine-2,8,11
11.61489200706261,0.29673641246888155,95.16129970431899,617.9479977664616,1530.123867429316,1331.2669120643325,386.115376523384,2354.50345826268,8857.437616985388,46.3856561969973,365.98548721510804,2437.500448000531,8236.21621953654,8.803320950404423,373.38794472565024,28.053937836189476,16.915217197907126,machine-1-engine-2,9,10
11.636569459496533,0.29704772470415564,94.79923985557129,618.817806110596,1529.0428878026994,1336.1300931333199,385.7751309082958,2363.3205735936344,8857.162021082455,46.77996750534743,366.2898990131904,2429.3374540897626,8241.369005519216,8.824177362905544,375.0207001943402,27.954719560720477,16.86464141931788,machine-1-engine-2,10,9
11.704075742654542,0.29915455615584946,95.23371031488314,616.0807624547255,1528.9497762757503,1327.0009552622735,385.2676057978309,2357.7438736622216,8849.441095143711,46.502828967258964,366.3781864334232,2428.9816640822582,8250.908263298623,8.789594460702698,373.95587959963234,28.02252646571326,16.895727182576078,machine-1-engine-2,11,8
11.771521031321459,0.2924290293322536,95.11700408958055,612.0450552050248,1512.2108774043052,1320.117255936954,389.415890568611,2343.826223835594,8831.558926493974,45.96791700933088,368.41495230697126,2413.932496554278,8172.820895029175,8.71873250477828,370.9621837885514,28.302666808792488,17.024246835286814,machine-1-engine-2,12,7
11.724529955055072,0.3029764373894182,95.20578180036877,608.3919381636767,1508.9081226282115,1317.6509058972172,393.22460787531685,2328.0273460040726,8790.64850034251,45.79049366382884,370.3815189331717,2399.849660478761,8163.396917110129,8.651829016344898,370.70573795876294,28.48078959218528,17.093994401339224,machine-1-engine-2,13,6
11.754601706102992,0.30318820358713994,95.28295500089162,610.8678281604881,1504.7155335324817,1320.828351245094,391.24905025332583,2332.9873275383725,8837.602744622573,45.695625358467524,369.6762232661985,2408.6509571456522,8180.193338323921,8.681684691036834,371.2759908147813,28.396468064694634,17.082152118967866,machine-1-engine-2,14,5
11.820667987184324,0.30200854509869257,95.42420998097158,617.2292720041366,1524.747963115089,1324.363023356017,387.6119871442053,2343.3665628830086,8846.096748022965,46.28473383546125,368.18195553024276,2420.6984358179143,8215.518308984983,8.766545800769627,373.10267951852114,28.14130570806792,16.906087029627894,machine-1-engine-2,15,4
11.844932568951458,0.3017539996323816,95.25996300610454,623.7528809921492,1541.6787358586876,1337.0156664591007,383.2497601106859,2369.4209990259264,8917.010423241289,46.85088285180049,364.6888014945453,2442.387868824935,8283.67774932625,8.844445456298166,376.67967907514833,27.862800018830505,16.830658611772776,machine-1-engine-2,16,3
11.851392682366635,0.3037548778824076,95.45034368322294,626.8323922725604,1546.6709471920103,1347.7133578812222,380.7384266192318,2379.4365876762577,8931.909878879556,47.1826930741844,362.8118917454989,2454.3749243868783,8346.985148613792,8.914785694300667,378.9087136847298,27.620599154850243,16.714230954288777,machine-1-engine-2,17,2
11.89465254176413,0.3061975605387918,95.35759289659052,626.468816243196,1549.2796797723809,1346.2138475397858,380.26174812116636,2374.6701556956923,8931.289403572166,47.242198958020715,363.5904808728932,2459.197934993286,8345.20554823438,8.916949614564142,377.243648884023,27.61697975624986,16.751495566508492,machine-1-engine-2,18,1
11.9256505231033,0.3025312614653799,95.63370310079117,621.8282694280517,1537.341529015765,1341.8981694487102,384.7186520986829,2363.541281389271,8896.133133411851,46.857647461414636,364.5496751737455,2446.1831617395937,8303.575926837699,8.86479535243376,375.0260120650528,27.920661839197155,16.827525170516562,machine-1-engine-2,19,0
11.647383318901495,0.2975670267410123,94.40846127270792,615.281655172999,1520.9703325337575,1326.6574136878098,387.9796400565956,2348.022158619901,8851.269141916324,46.17209922994871,368.49686209054465,2421.1144173033936,8209.435074516345,8.76377495203562,372.91597968103173,28.208574559356062,16.964489293903913,machine-1-engine-3,1,19
11.638478392175397,0.2968424167060767,94.43343320174938,616.0942853488976,1525.8493247192316,1330.9144849598188,387.0012442037013,2346.82896035569,8850.793617905974,46.40405698102988,368.13442450785243,2428.975512191508,8222.72783776487,8.772777821004118,374.403964638792,28.096094014598908,16.93968690104167,machine-1-engine-3,2,18
11.645496661520541,0.2951287469709472,94.41280055664375,612.6208731230329,1522.5696047623692,1325.4284485702347,389.3746608382477,2341.8934434798953,8843.087601559393,46.12162569267549,368.9895547856141,2416.748194751117,8203.276423329131,8.755861921764584,372.0818088622096,28.179805277144208,17.034707729590618,machine-1-engine-3,3,17
11.646209280020049,0.2935469283132106,94.57066297971929,606.7814390751811,1501.2188005515015,1312.7690236125945,394.1241029041258,2325.4013724217884,8788.247483830979,45.39788650043421,370.55198701269546,2391.921876516846,8171.687373127189,8.65916679177509,370.3003371515114,28.608906495464122,17.08618983905257,machine-1-engine-3,4,16
11.673497183313815,0.2945209608983572,94.48294939483,602.6008677407011,1489.6764742439302,1307.61690343828,396.8307372284396,2309.4506779900184,8743.904947528305,45.11462212185654,372.6697905016899,2380.1452021186856,8117.159402633448,8.603460911083157,367.74501097143514,28.646653440462327,17.261696562551425,machine-1-engine-3,5,15
11.634891947713497,0.29834436767532463,94.55886952800408,602.3853767753573,1492.6765561656678,1307.1565545397978,397.2451891612066,2310.1192078072763,8760.254582337719,45.315904329156375,373.28498527554007,2386.490261456272,8111.156486389891,8.62082123881632,367.92559644129545,28.69900739685801,17.212792007225698,machine-1-engine-3,6,14
11.668545427368368,0.30317819967425896,94.50551304144754,608.5499080599725,1507.1761477848856,1312.618283723593,393.6716585280148,2323.919575147955,8765.890885662968,45.50858771665958,369.2417967897645,2395.308060135091,8173.42334397944,8.654200298469071,370.00236685596883,28.524139729943215,17.07387734376758,machine-1-engine-3,7,13
11.696487351005569,0.3090048456806342,94.50071259078247,615.5228141440585,1525.1439990973952,1323.5900032519255,388.1478050172541,2342.3569411581993,8830.464780411317,46.24261606025468,367.2514558738873,2426.101753620814,8215.514293539174,8.771409626060773,373.28067071219283,28.157634584105892,16.988781122330483,machine-1-engine-3,8,12
11.670553963570518,0.29484484723451365,94.50553722528896,618.0784875754422,1528.1145803380873,1335.9681533531361,384.8124296620112,2361.515639801871,8903.128067827787,46.551090274516426,365.20335652609157,2430.6387676556037,8275.075557391838,8.830995231772903,374.11666674382235,27.95098240814056,16.911308864577727,machine-1-engine-3,9,11
11.723557586124342,0.3002939068552201,94.71567088105245,615.6259456826807,1526.6369379848018,1334.2402373325426,387.0629240989804,2349.3927884177356,8873.682260075255,46.41384666245387,366.7331671446543,2430.3147932320394,8247.022528360303,8.780842510947585,373.7411274881722,28.014644382578275,16.9238302426719,machine-1-engine-3,10,10
11.772674345329886,0.30014702334791526,94.51746936328942,610.8655269214864,1516.1443533234724,1321.4913694748407,391.2434261498247,2340.082421254381,8810.546777524209,46.1995398860241,368.7845664885329,2409.824595785724,8202.75667797785,8.736200897361675,372.6281865885683,28.27325789139377,16.998516359714095,machine-1-engine-3,11,9
11.796821692693172,0.2966849307215995,94.7755310389376,608.4451224669349,1502.651772284968,1315.1413114540421,391.29883759284934,2331.0087205411032,8801.640287484348,45.68867826731459,370.53910939129196,2399.3930708767452,8148.977889965101,8.647818646468524,371.2745295137392,28.3260294695753,17.102385668169255,machine-1-engine-3,12,8
11.79148092068081,0.3059200001455571,94.82599416350025,606.1346945262688,1508.9218129227668,1315.546223536368,393.56713023500436,2329.8321101571996,8818.26613609188,45.674527211504625,370.4288842120942,2398.9706750660075,8160.14396449528,8.683635829388477,371.0581487509032,28.5376178454339,17.071320376506538,machine-1-engine-3,13,7
11.824603749620007,0.30462650282647424,94.81806708398501,612.9518983540421,1515.4224231451074,1320.095627625513,389.7271369168988,2343.5417976478993,8839.438789740805,46.103888373597535,368.48959396067085,2416.3869711049447,8188.556804277465,8.72537410598505,371.1426341538676,28.25460085744233,17.019073683342853,machine-1-engine-3,14,6
11.83086608183814,0.3022368111709091,94.9313405004928,616.5995478752942,1536.0675236050668,1335.36323176499,384.7035323356641,2356.786526789724,8895.980631946337,46.76441168211146,366.6942305012446,2442.2441560539064,8253.404873941166,8.815799726713824,374.9363756326368,27.849248887626015,16.907498976481197,machine-1-engine-3,15,5
11.87598361187674,0.30125464761860676,94.78902076411028,624.9386306479314,1546.1042767743133,1342.1281845739427,381.13195312732046,2378.7349909693066,8911.008746035674,47.057678289643164,363.2861658078303,2457.0546695675607,8323.08606512534,8.885132971960289,376.89510052521774,27.732865481615338,16.703613812423256,machine-1-engine-3,16,4
11.8949291811816,0.30894023049554303,94.65610043614532,625.5910536342404,1549.1335912039117,1341.9202334665338,381.2046237919082,2378.168775868331,8958.724710705148,47.20929412113121,362.4989019972735,2457.7026200533937,8302.82713746565,8.88951893943968,376.910437890734,27.68165489819888,16.73790528974489,machine-1-engine-3,17,3
11.987273521231304,0.3000428032600956,95.1017634158071,620.2335055484639,1542.5900839024537,1338.7265536553589,384.4529562058707,2360.464755846432,8909.566032760456,46.85532907218457,364.5215988903352,2438.5116805929547,8283.916010649304,8.848105682942963,375.91681462723784,27.94270989814404,16.803087938805216,machine-1-engine-3,18,2
12.002876101462919,0.3055574798588099,94.85299839411121,617.3299431748762,1526.823445324432,1328.8454086408813,387.4638955693112,2347.8230432037262,8859.796215285616,46.272354814805595,367.1480016136679,2422.3063067683793,8213.30079258006,8.797681629626668,372.3902631177619,28.01619912873323,16.994812721443136,machine-1-engine-3,19,1
12.042139736418854,0.31021445372434187,95.16174464848083,612.9502332985521,1517.2937137442275,1323.2307121784906,388.4105414658467,2339.371147711087,8812.502855351499,46.2459460316619,367.82769033022606,2418.271708774567,8208.429537631546,8.75624536991101,372.843563575855,28.197938044185495,16.99733242498839,machine-1-engine-3,20,0
11.676164732840396,0.295654637510118,94.20980593524938,613.2749779284371,1518.8675862252383,1325.9827467321456,388.2699643998602,2343.9678810457453,8845.583710138279,46.22461908624199,367.54580937699484,2415.73086617086,8220.698052590427,8.749887155321067,372.37148472707776,28.212399364367997,16.98152969006482,machine-1-engine-4,1,20
11.684186934859028,0.29900032128463755,93.99000553749346,617.6675351803448,1526.7659689268119,1332.5089915824517,387.02676327195803,2349.390122955479,8844.481118963091,46.38886404023802,365.83828725867284,2428.6201143794037,8219.693213852484,8.793032539414476,373.7424422037916,28.070034114871444,16.926703462857454,machine-1-engine-4,2,19
11.74963358054755,0.30217245740432397,94.09212959011403,615.02629739076,1524.8427255630602,1331.270770422796,386.9824429972814,2357.855396629916,8876.945799422121,46.24894795453127,366.69691716402895,2430.6962678553646,8239.219827171099,8.756941754414191,373.4505980468729,28.118383933482516,16.915181004118896,machine-1-engine-4,3,18
11.670058255290956,0.3027852736635087,94.0882373550261,612.558673465003,1516.187642532682,1324.6185560319243,390.2113139951193,2340.0966133221614,8826.518536708478,46.01141201966191,367.82042619222216,2416.2679366352904,8202.600250046673,8.704956931429821,371.5548062020083,28.261758209072827,16.999775751481636,machine-1-engine-4,4,17
11.72333257708505,0.29942113825097655,94.04810186479375,604.776817222924,1505.9138639345501,1311.6368204772398,393.5196210107467,2327.33588580545,8791.732544327824,45.46827773286375,371.3756972749892,2391.505649660496,8149.257432832334,8.650007457753421,370.3293592594135,28.482963569608337,17.110809272058674,machine-1-engine-4,5,16
11.819840874151918,0.30640563225628403,94.49371029969294,600.8063669909271,1489.5114523853247,1303.7665497828073,395.6269959078085,2312.5429679091944,8750.67932432932,45.174087399713855,373.0619199125425,2379.1763175116575,8117.8686424203925,8.57136634446574,367.57401262736323,28.733027604136236,17.238266331838155,machine-1-engine-4,6,15
11.725141733712878,0.3057209904810887,94.12681058113056,599.264079591561,1488.21735051755,1306.016795717405,397.7409200569745,2310.4112725716413,8723.777939071302,45.18970704532028,373.188537278458,2375.034186533884,8133.602772130925,8.576188006825715,366.97204202422887,28.771376154205925,17.213857174605174,machine-1-engine-4,7,14
11.775431240710226,0.3012189926723664,94.41737328085364,603.8679593683661,1495.537988367102,1311.301340633952,394.4347707029506,2319.1481097452393,8761.605860730528,45.31120002097135,372.0725217855342,2381.3153129409848,8112.6017042140675,8.632055690720632,368.45608840746075,28.603200434999934,17.146372036685275,machine-1-engine-4,8,13
11.71208107138104,0.30206502214141223,94.29356633681414,610.1627894851326,1512.5301611522098,1319.4951363044377,390.4202517285659,2340.0371790338954,8777.970115360538,46.00200600108034,369.0566066919029,2404.967444707396,8190.214264919866,8.676461606174207,371.3513411765787,28.29159153590577,17.06613017134567,machine-1-engine-4,9,12
11.845359366419386,0.30201084298179814,94.32674780465919,617.5415859791148,1527.8306453113871,1333.8847839682296,387.1975024682127,2353.792905061205,8869.440809886633,46.34142734887228,366.8034056997971,2437.0904517083163,8229.524854914605,8.791222742252602,373.6358351450688,28.041024880855606,16.946969286291512,machine-1-engine-4,10,11
11.856951375247963,0.29720321791107435,94.39191748735959,619.6550037843559,1535.4309052667295,1334.3583104700178,384.17343407072485,2359.3216852807914,8887.89722762103,46.80534357568308,364.5629327952932,2440.7490755724602,8265.162099283783,8.836671217214468,375.7074062015106,27.90763288523215,16.827344975767975,machine-1-engine-4,11,10
11.864334230556715,0.30495965099687106,94.3439448467858,623.0030386458878,1539.0731719732794,1341.8532441640364,383.51236991495927,2367.5838632511814,8905.536354819918,47.073905325124926,365.0412810503135,2448.255376915082,8309.940768236042,8.881435258618477,375.53709101691624,27.796888571778084,16.83685613059666,machine-1-engine-4,12,9
11.895915321700398,0.30445809592253426,94.35554744458015,618.1795767999577,1532.5453654546507,1333.170113892151,385.9610603377289,2359.6098242985136,8897.812247275206,46.601846782782836,366.3588096511053,2433.5686695777554,8279.961759910788,8.809866009934108,374.230692452063,27.92389365381084,16.857065854201547,machine-1-engine-4,13,8
11.956973787315677,0.3040838730757628,94.30159914936796,615.0259944092675,1517.4617021725524,1327.1729930566403,388.92389551061495,2349.1244326300202,8839.74643808174,46.22766634819038,368.0529303671003,2420.387749865717,8222.121440333387,8.74611225702774,372.6452540094115,28.108267833271416,16.97363829010317,machine-1-engine-4,14,7
11.920544752207896,0.30398683718596287,94.18340173800722,607.7846755206715,1514.6514700980638,1317.9745956922068,392.1096697658933,2339.610348531526,8807.419538929045,45.811156523029595,369.1389927745207,2405.6238951332616,8181.800405728222,8.696136264391551,370.6477290346291,28.40199725651284,17.038878879145706,machine-1-engine-4,15,6
11.897948948569459,0.3045237474672245,94.57947748747443,607.9553666226269,1508.9503734841,1319.9420404095931,391.71942319620524,2337.546608301562,8774.115314447015,45.71561725620865,369.83391328716584,2397.4469158112906,8169.0754116958415,8.687637517829836,371.0353103781089,28.350543636031958,17.127732559417783,machine-1-engine-4,16,5
11.972117177308427,0.30975544850583075,94.54581954427226,610.8829914340258,1514.6852231300472,1321.7410311295482,389.5067783279709,2340.9462796693615,8841.27590727344,46.06173278680841,367.067567684828,2412.0630730801313,8198.621090276181,8.72736862111918,372.87638279628476,28.143616594032718,17.004974619813687,machine-1-engine-4,17,4
12.004337232912366,0.3065010818331879,94.66714835880511,617.8705553222292,1523.2491068608547,1333.7576000342756,386.3908511846101,2359.6910193564486,8875.156425419967,46.4662983421076,366.28021242984084,2432.9563802656753,8251.490413898207,8.808100304817813,374.5737419702114,27.990043303636618,16.886202539119633,machine-1-engine-4,18,3
11.985296579085686,0.309293053219746,94.62395650319486,625.0607861048001,1543.7221545483826,1342.6094507783441,381.6895972629623,2372.7719440509004,8942.565711090358,47.142206109468766,364.36283994921456,2458.026130613357,8313.152768334348,8.908143437649422,376.79434093804434,27.70452508537548,16.733845034217126,machine-1-engine-4,19,2
12.072190807124262,0.31064378248387,94.77034231104157,628.7545301369569,1554.5927977226957,1352.482067585359,379.65897417732685,2393.369892746197,8973.059870735697,47.4485872913368,361.6700136822884,2476.8235452307113,8351.924700235528,8.961596849046309,379.82688993808057,27.469539680194575,16.675211492061287,machine-1-engine-4,20,1
12.10551160949293,0.3083260180111214,95.09216867242193,631.3095371515197,1555.027382529988,1357.6408726259658,378.42663173237094,2385.756619262926,8968.055385645946,47.43665568057252,361.9290445580669,2468.6287907221363,8374.783816119536,8.998546145129236,379.5321426787724,27.44060452642185,16.649532183445718,machine-1-engine-4,21,0
11.772930990593242,0.30718357778140687,93.90126126777739,614.2475553957565,1525.50008330403,1326.8001014309841,387.6977663696711,2342.8988489634653,8829.440791423212,46.267611186020794,367.8245250240773,2422.761781173361,8230.547220411252,8.768116433686771,372.9101766763193,28.181638302582105,16.983208127725515,machine-1-engine-5,1,21
11.798163526258593,0.3007934654832399,93.89216370098305,616.055122029799,1527.555694452,1333.0961919263107,386.4691352707976,2349.210554209707,8868.159308142962,46.511718287600246,366.09108792513257,2422.78291068717,8240.538245735575,8.803901393810989,375.2236845292369,27.982595313251657,16.93338659295119,machine-1-engine-5,2,20
11.820361187186965,0.2960230314457822,93.91073369810387,613.6951169564092,1521.7536013259955,1329.7408260938837,389.23330613493135,2348.5041158828085,8845.212465176319,46.2695724923144,367.33348893809136,2419.6927038768918,8226.044864948037,8.771075926769045,372.18320626452885,28.10948601940621,16.959839759820778,machine-1-engine-5,3,19
11.719815809070635,0.3015447581400131,93.83613027942009,606.8321122382998,1504.7774396849231,1311.1130341194614,393.02878082275026,2326.332350413065,8777.931515462125,45.593120536060525,370.01035653736335,2397.756084927327,8170.3296054662305,8.693714737066545,370.2352511585937,28.44974321595413,17.151868098282023,machine-1-engine-5,4,18
11.754360752105795,0.3067532365236356,93.97571252234249,602.0895983375592,1496.0217017410857,1305.076208071708,396.3483844737963,2308.450412693582,8754.740409420981,45.05907684739911,372.55738349429083,2383.37187883775,8076.12094262761,8.572288963621048,368.2761477130566,28.675951048879945,17.220956413408373,machine-1-engine-5,5,17
11.74482321557579,0.3048319424220037,93.92592908890389,600.6107728180895,1493.313007082897,1305.216369579105,396.8318637838475,2308.5725833170136,8738.249151195325,44.96461660820707,372.65923003451934,2382.445534194583,8077.722061955452,8.577474369078903,367.48207340633644,28.77175273380664,17.26499624972297,machine-1-engine-5,6,16
11.784064181328903,0.30063492170818884,93.98863094754773,605.5189467400373,1504.650917079007,1312.4306975947882,394.9440996690873,2325.7636967124567,8776.001702105032,45.482434433805956,371.842873341446,2391.105537414906,8129.887094130451,8.621959520517628,368.93916082399846,28.49026564779173,17.12578962764792,machine-1-engine-5,7,15
11.843596302203562,0.30421248678384066,93.938240297758,611.5950531616005,1516.0395281460346,1325.1298393288087,388.3554410088807,2343.420463878783,8834.270771965072,46.113580662563145,368.28464682328,2413.7661340539703,8209.004252197974,8.734494703464854,372.6081256622176,28.22232911211526,16.967759497231782,machine-1-engine-5,8,14
11.878641297480694,0.3010955500301274,94.03666298643368,620.1587148172115,1535.1063247168959,1336.2758033017578,385.15816135230506,2352.776669966656,8879.359149928536,46.79870997165215,366.4625381781671,2431.147053317298,8261.024000052821,8.782107259153431,374.7537117102149,27.977477241653403,16.894907037906147,machine-1-engine-5,9,13
11.840529022893074,0.3018538663479394,94.10297846562176,618.3200961472099,1531.6659116173194,1336.509388647062,386.3429067188551,2365.7458898328064,8871.77776015631,46.689194480953375,364.81918180701746,2440.7846169067607,8247.343731870764,8.857858831984336,375.84368798268144,27.87156734999192,16.883892403433062,machine-1-engine-5,10,12
11.877564887150298,0.2980535698848903,94.03041304649118,615.5316292932206,1521.6983802235552,1330.3437562693414,387.4558972968658,2348.2258951024355,8844.563141410701,46.06842821720446,367.91095212614255,2426.5276031739463,8185.570223125166,8.759586900065042,372.4459130307965,28.145416726815036,16.948092563224332,machine-1-engine-5,11,11
11.898152092727408,0.30735474665054247,93.93615158663236,608.2098416712162,1510.5444884619317,1319.0878878261058,392.60195825900695,2335.4629184455634,8800.925075786972,45.794737289617835,369.93368915061217,2399.206741741898,8170.148798593374,8.681397291888718,370.53295786587256,28.388521452381504,17.11264551531909,machine-1-engine-5,12,10
11.918223768805975,0.3009519282703132,94.1229951345562,603.985615220085,1500.9147934816335,1313.6902328789986,395.1442758602168,2316.6858625518826,8791.12629344893,45.318327225709425,371.4352821227236,2388.125829735241,8151.947073732274,8.634094090537367,369.06254204562777,28.526442599532924,17.186249949294645,machine-1-engine-5,13,9
11.908099846545234,0.3099537473837716,93.97637115774677,608.4459892690924,1509.0967250545682,1314.640846765392,391.2483936388614,2325.584362145806,8829.46346425171,45.72480828977354,369.92980994688287,2400.9032584779893,8157.146942065482,8.696980155958663,370.7695552742842,28.30166977529348,17.10519498688398,machine-1-engine-5,14,8
11.945553897205263,0.3067940189739237,94.04724009732682,616.7517918688712,1527.0996032702426,1324.9229558749032,387.05909761660575,2350.433047018156,8849.464095887623,46.3205371911449,366.7901466021357,2424.441005260752,8231.314887632132,8.767529827390222,373.25125931295935,28.169918238100056,16.95164272447743,machine-1-engine-5,15,7
11.957934500679356,0.3025730451864698,94.14458831138599,622.6872376470088,1537.6164735518641,1339.4811106570585,383.1409707675923,2365.5949170199538,8930.471866812073,46.99571478149016,363.66679445738566,2454.519727648654,8283.711084524555,8.877262313944968,376.3977615200089,27.795123990929334,16.777925611682697,machine-1-engine-5,16,6
11.993101901353203,0.30853850567964414,94.19077894340045,626.7947510982705,1549.4298546229538,1348.6252453727861,380.7095591437877,2376.629090207267,8938.214179776081,47.25910779241186,362.52278782871997,2457.220817092037,8334.433253510248,8.930613976588242,377.763558595141,27.593381300745545,16.668947366859932,machine-1-engine-5,17,5
11.976518770534257,0.3099899683690195,94.3231762563164,626.191004754918,1549.5198206550397,1343.6078430066764,381.055996189022,2376.5552506850013,8903.342502837195,47.28877911401372,361.6840681497603,2470.7361402316947,8344.657060314254,8.923344382742256,377.8364829415741,27.663807370943996,16.74035768181825,machine-1-engine-5,18,4
12.119129953495566,0.30454884180164177,94.38669124549412,619.7685007882002,1532.7415958004772,1337.4928859415206,384.74736468733914,2360.7967159929726,8902.496010266605,46.76806303005319,366.11266641259186,2438.9138363456655,8277.906456184232,8.839320782124679,375.3649782432075,27.908365246996873,16.849099109063793,machine-1-engine-5,19,3
12.086615933639523,0.30730808654656144,94.49273282587328,614.90428962941,1522.0679406384004,1328.5556878465584,387.4463793521909,2348.724490894234,8840.271890847476,46.28742274285059,367.9446387694246,2421.249707195774,8229.956360269716,8.778256761148315,372.55924925555973,28.13516884742404,16.984581126153646,machine-1-engine-5,20,2
12.133111133830656,0.30690452005446983,94.40022582013661,613.6003685197234,1519.8401646825005,1322.5835900471561,389.02040223719706,2340.67012622195,8832.101927896194,46.017724120827936,368.23749708114445,2418.317775996758,8199.642376192613,8.737767415988648,371.24014026618477,28.178452176872135,16.955891913785553,machine-1-engine-5,21,1
12.098556434477375,0.3083017299196836,94.39722360588121,614.4490086250163,1526.9249229473066,1335.01919655886,387.2722116439677,2356.9001600531556,8864.33631204965,46.39648033186279,367.2823512051601,2430.8228840915144,8246.746232191477,8.78903324532573,373.65779560849523,28.049895705167696,16.929326955172833,machine-1-engine-5,22,0
11.580766838471844,0.29114003048576187,95.29426628021929,610.6246807736679,1515.254733849599,1317.6952916434602,391.58094640861805,2332.7347523505887,8812.35382584971,45.931927080267954,369.1865174442719,2410.4898335937223,8181.256180204658,8.717368098016767,372.1248485705908,28.270766212928482,17.001699039189905,machine-1-engine-6,1,21
11.513167789481951,0.2911584255128127,95.03731122316397,612.9055421717704,1520.6759373107304,1328.1630085721138,387.805789214569,2347.6446718206016,8853.459287132511,46.29976356671151,367.8155826391824,2422.4813051718993,8207.517921348417,8.731587169902554,371.5416559575046,28.103176576284806,16.952742058950836,machine-1-engine-6,2,20
11.560757324916406,0.29437106149736236,95.01642082244895,613.4697563712748,1520.2305405287755,1326.2558558348926,387.5665357363096,2348.1043263923716,8826.612116717948,46.34446785989332,367.08716512761976,2422.6962814530752,8223.400768172023,8.769078471360237,373.1681254693304,28.177683308017855,16.90554863753419,machine-1-engine-6,3,19
11.49578402626074,0.2951338336384333,95.2582415279765,612.1570448097877,1521.5154674813805,1325.5373212885133,388.784765488872,2339.3744853796593,8838.853000860361,46.057765950638775,368.3988767030242,2417.358935705597,8228.085799819775,8.73345600237911,371.8742367042754,28.176227417319748,16.96516099447849,machine-1-engine-6,4,18
11.595069825598596,0.30049200073065285,95.04549885494615,609.8708345793277,1513.0911557622076,1321.6401365254524,390.6079312696505,2334.7077228121047,8811.578877233496,45.91513152427006,369.0221956481561,2406.74980780111,8172.975104450217,8.710893518768165,371.80814669027507,28.28502610156337,17.059828979484994,machine-1-engine-6,5,17
11.553651107858004,0.29313131880616106,95.24624457089485,606.7994503087583,1506.0522703484505,1309.7023092221038,393.62271589728425,2320.7011386577565,8780.2722449192,45.49694877456781,371.1240007784537,2394.9967993283694,8144.658602704616,8.668440581505541,369.8002247518371,28.454173377765915,17.113365079359077,machine-1-engine-6,6,16
11.576269213411539,0.2956917454062122,95.42270464545196,604.1131939496212,1500.783810177642,1307.1824921009886,395.04395105610445,2316.6901280331713,8766.674370578605,45.401744606148,371.012820909793,2380.464765190927,8112.350670169198,8.62664479442199,368.99620453522715,28.532385308992414,17.162127697428556,machine-1-engine-6,7,15
11.603487661933563,0.28871607693583046,95.07060887354159,601.766026838958,1495.2409071011484,1303.752281945204,396.371732656182,2314.406278091431,8752.621086115492,45.254645586316165,373.27301731448495,2380.521057346887,8110.565460176314,8.5948881554717,369.10441147254977,28.741819052185757,17.188268098123242,machine-1-engine-6,8,14
11.626495932984337,0.2952536984118679,95.2343352711061,603.4592446026525,1500.919563589819,1306.3800415092949,395.75860402621373,2316.227558066532,8745.916145621031,45.33340542458396,371.3182393413982,2382.558750150094,8101.532803322305,8.610084040253076,368.55113433574394,28.71084744243641,17.16808535368319,machine-1-engine-6,9,13
11.62807374766517,0.29149803561152415,95.29741317084638,605.9781235970927,1503.1304976887243,1313.4531666958235,394.4694327243467,2322.9625753398336,8779.634593270388,45.597705953601405,370.82701117537323,2393.4654681063603,8143.179385330884,8.666908556409663,369.92889688094766,28.506845245442914,17.20188745800835,machine-1-engine-6,10,12
11.665214589640247,0.2978546042359471,95.39007371134771,610.8367802260578,1505.8186177214852,1320.8432257706534,389.87260869198104,2334.035319225438,8838.140289670871,45.792100922905156,369.96045290753034,2409.2729047461758,8171.063240824341,8.722915697007513,372.0097535038296,28.365411900325714,17.039195167603275,machine-1-engine-6,11,11
11.662100021850963,0.2920305607112505,95.09854594844488,616.6028981338478,1525.6139606536262,1332.1760954036965,387.7570733037483,2353.172428040657,8873.643706230194,46.374898425261044,367.07315480202647,2434.3806291415826,8231.872501673786,8.791449717000008,373.920838469406,28.036154075493908,16.93135490144671,machine-1-engine-6,12,10
11.687762010135144,0.29647916392237567,95.42175771886616,622.1769557155676,1538.3304033812033,1332.7233045068062,384.9793211507728,2358.227123928972,8887.883514284318,46.70700860491724,365.77701506271757,2444.7385987373855,8257.309348664276,8.814631255150074,375.2441706649111,27.865311772105514,16.92450872637262,machine-1-engine-6,13,9
11.69550233829265,0.2952884155980871,95.29970846734483,622.2260426530505,1535.4008578188084,1339.8744207679704,383.98215774658627,2364.2268497032646,8889.541277055701,46.73154483878482,364.1371680539176,2440.393363116622,8279.137002023697,8.858093134376574,374.8050307211339,27.895588155758695,16.843032708303387,machine-1-engine-6,14,8
11.678231140552365,0.29495416227953475,95.40783150924354,619.118088240247,1533.9972900217826,1336.4120268332508,384.50893722221184,2358.9745409953357,8885.257283063653,46.751592388908946,365.35862270833184,2434.3571590224724,8262.684442966509,8.840005812855964,375.3282641951415,27.840318218952,16.8390138729188,machine-1-engine-6,15,7
11.759435329772135,0.2992763989104714,95.54299142610566,616.9500295712883,1528.4551905850483,1330.986219552659,386.2416518538556,2356.3791766201484,8871.410723630346,46.60497045800401,367.48337086306924,2432.7008543093566,8250.802735682566,8.804132305008272,373.6658551651486,28.047221137994512,16.849697649222758,machine-1-engine-6,16,6
11.753092320918734,0.2977463923347338,95.39756068656789,613.1558843769978,1524.6899165909065,1324.072349108079,389.0519188549672,2345.2776076009277,8860.382788589508,46.17140546739899,367.1648376824413,2427.844497555672,8235.513268110502,8.764800010400094,372.29763105639177,28.17647518317045,16.986394527478165,machine-1-engine-6,17,5
11.787923766122187,0.2916202235008983,95.59736266924425,613.3150191476908,1519.8952435741276,1323.1310410760289,390.003148912482,2341.994463328891,8828.986755048383,45.8552984087128,368.88457565763224,2413.068687753474,8208.292650559963,8.73592654155672,371.1543337725119,28.32180047487774,17.03985604240645,machine-1-engine-6,18,4
11.808316133009276,0.2981798196305625,95.72874470946871,610.0007593306042,1510.61352473325,1318.9329075633711,390.1121785488395,2333.2725653152556,8808.78460357925,45.86998673511686,369.06562144089116,2410.617016203731,8181.78042452867,8.72028099485872,372.2059284793158,28.274892449973034,17.026468708037193,machine-1-engine-6,19,3
11.889687295778488,0.29886483298954947,95.74809706021415,611.5151823187875,1516.030917170213,1327.0658546734544,390.11296983766647,2340.3827995884235,8825.207889432728,46.11099786685753,369.1309991316521,2412.977995514131,8208.616340347216,8.702096954518433,372.3944029312595,28.320357216582366,17.00914741212666,machine-1-engine-6,20,2
11.848423459735855,0.3028762233363962,95.68328241811605,616.717903955132,1522.733567093925,1330.3173942267158,387.93078713966383,2349.273619810286,8842.446349294221,46.2279309054115,367.50548813282245,2426.0814746091996,8210.234027331438,8.753312491022772,373.63314384761895,28.09949371727366,16.942592970304162,machine-1-engine-6,21,1
11.882635622901876,0.3051882931236304,95.8115656659978,618.0089121494337,1529.9613431927,1336.876004848585,385.47137765081317,2364.622018283374,8910.156327861878,46.5936374776318,364.5104408138504,2435.8735836228807,8266.901382102036,8.840702124725421,375.90467888021044,27.933046658988967,16.846233619702584,machine-1-engine-6,22,0
11.823418673247275,0.30804925724826526,93.66966088180955,615.457080783517,1528.0424716059672,1329.4492602912646,386.623444781032,2350.5697613531693,8842.839744010178,46.41548754456863,367.53880499907257,2427.307387601071,8248.090018608245,8.787565617366075,373.72403755727856,28.144957340082986,16.9342254057354,machine-1-engine-7,1,22
11.874898395809828,0.30058612076553687,93.66416802941315,619.1500035640204,1533.0529662487506,1334.1494838135866,386.1644432334485,2356.5104284971217,8875.074705936775,46.51414431038619,366.07609941647524,2430.896836119119,8257.440716076946,8.808044786703162,374.5082736255352,27.88056642158877,16.89178938620019,machine-1-engine-7,2,21
11.81842242676923,0.30224241181084005,93.53733829516474,615.1384358982334,1522.296485072081,1326.5438661327528,388.0960359209369,2350.1452173955313,8881.006574376048,46.149398473342806,367.49508932695875,2426.0608711514137,8230.120449294373,8.779248908105462,373.7106628592393,28.151360152872474,16.960483255151214,machine-1-engine-7,3,20
11.879683072819217,0.30238606882663677,93.59784465103048,608.0977241068902,1506.8525294039769,1312.1336884716275,393.25750435969684,2325.364102149396,8783.42340796339,45.5433905699661,371.2052711884244,2403.0846659166214,8126.906180542816,8.629236810113701,370.92058148124187,28.471354334691313,17.13143064471988,machine-1-engine-7,4,19
11.83786908135098,0.3069695615417538,93.52406274194333,598.6040010055714,1487.1463386591918,1306.4797009738759,396.6136081627931,2308.032096793738,8734.364728179817,45.14744487508057,372.85261137694073,2375.9567286302845,8094.129642267816,8.557678126013018,367.44734850995883,28.749301213674073,17.26265961095717,machine-1-engine-7,5,18
11.922527900775522,0.30358207614404775,93.63510104491043,599.6837268540445,1491.946203230117,1303.4504247025056,396.8510744057308,2312.7205640177212,8762.547719373233,45.07200948434826,373.5013313902843,2373.941298133436,8085.738014491596,8.554016579778743,368.3553875005269,28.7303000106525,17.22252758758747,machine-1-engine-7,6,17
11.869537514661912,0.30455009087440277,93.75971042723803,604.9684087777969,1503.3093641544547,1311.3108693875097,392.0665829900665,2324.3953920139584,8769.630968104062,45.55038005819772,370.35279301209437,2395.704570095115,8117.333308148551,8.68148064503772,370.03878527160805,28.5260185523539,17.155336662795765,machine-1-engine-7,7,16
11.89649856071825,0.3052385202200938,93.62300056221719,615.2497201939173,1522.8971770837272,1325.8904381118582,387.5449115907617,2347.7173808399457,8846.335298182275,46.06750544871386,367.4576300386468,2424.5311120303636,8234.275759455957,8.742024145023192,373.1972098091363,28.154701817492107,16.959050790126028,machine-1-engine-7,8,15
11.881490459214174,0.30336667849629095,93.4991868174334,619.650053089605,1530.9626854753087,1336.1318664928579,384.7087232442581,2357.722499909124,8889.905708625423,46.793057073054506,365.99797733728485,2434.2432261383715,8297.579047207359,8.82599120226475,374.09866338319415,27.954237605887798,16.821825784967213,machine-1-engine-7,9,14
11.975643513558111,0.30518767596308055,93.76581198423213,620.0725955623896,1530.1694855603687,1332.5173151373624,384.92551260734535,2353.969997430902,8905.138443945523,46.66360532938934,365.8135735910277,2440.213491224728,8251.877720489718,8.814311500046434,375.63882234190044,27.936374400185663,16.908746652477237,machine-1-engine-7,10,13
11.951874118852459,0.3025564336896718,93.85524176362374,613.2537538575152,1521.0082288823648,1325.2591869872113,389.98933170004653,2345.8350507123137,8816.876449252426,46.158648961954476,368.2637511900564,2414.934581369972,8199.769032572904,8.734731011726975,371.8490513221198,28.17417705850015,16.967459791148816,machine-1-engine-7,11,12
12.033868481606829,0.3065943941661228,93.70580337755015,603.8540562026561,1504.9121717948158,1315.2405641447858,394.0775285128287,2324.099344117314,8792.594577964928,45.57688562920206,371.8975586241008,2395.102544970044,8140.312672801908,8.644806241162144,368.8387141026579,28.49617512467159,17.095494818553306,machine-1-engine-7,12,11
11.971965637488612,0.30583061880580087,93.8285887659268,603.3166540005654,1499.469331229571,1306.3914187682738,396.9796715429958,2315.9310794970575,8756.982497278197,45.23874859931466,371.9177157737833,2385.2068785296365,8118.493749649789,8.590097841117618,368.2000550947301,28.55903016392054,17.230705579049047,machine-1-engine-7,13,10
12.059692592300872,0.30474358250786515,93.89550736791894,608.0992277021177,1511.5281331780634,1319.193355562063,390.77914335742804,2338.1083356488457,8792.04290694656,45.68890984268048,369.61914223713626,2403.250180421421,8164.625615127778,8.676161198769842,370.62668059133506,28.302068577140226,17.07509915815374,machine-1-engine-7,14,9
12.035912537842854,0.30782025649239614,93.80223650730171,617.8592379369355,1530.6469557293753,1336.1556646982376,385.95535860234355,2359.9183365409726,8876.966802439703,46.49494251314153,366.29715758139105,2429.1425695225885,8252.159287611496,8.817581730886793,373.95051116545017,27.923556763876856,16.96017263824588,machine-1-engine-7,15,8
12.015418230072695,0.31270132195886136,93.64111321405088,625.1273004110626,1548.3692368426414,1345.7279262312577,380.69036293035214,2382.6967296676635,8902.062532529959,46.992638957434785,363.8508026294152,2458.3687603902877,8319.677585075988,8.890665291974356,377.05085147906647,27.697379724891942,16.73235082713525,machine-1-engine-7,16,7
12.068236867404751,0.30514912559063423,93.97098060168553,628.1711595116781,1551.0067985410606,1347.6898023426745,380.4224426464663,2377.053013866438,8949.194525422683,47.299804371893295,362.96190733583643,2460.0793296570423,8337.69902977468,8.930200733849134,379.142435034799,27.601686484645228,16.694503008500085,machine-1-engine-7,17,6
12.019260156897525,0.31290084874497986,93.87757275548272,624.6445040700036,1542.6550473066004,1341.9203356985654,382.15575876274573,2374.94869564941,8936.495574093633,46.958979934095545,363.8177156564666,2454.8253036202873,8304.508130278466,8.906412625169477,376.5646210146091,27.775826182928625,16.783399924278047,machine-1-engine-7,18,5
12.128044027578754,0.3118051444456279,93.95913012914959,618.3636102818889,1529.8567006421597,1329.8691803403706,386.23091181013945,2348.0144014614607,8844.131827432637,46.52195394518452,366.9913611682995,2430.624235606057,8236.712386302679,8.803844729453148,373.6560981748193,28.010665415017783,16.85866264670881,machine-1-engine-7,19,4
12.06882815592036,0.3107650613477819,93.88801853745626,610.461772224115,1514.9048627598877,1319.63124435919,390.18043519792053,2345.3989584157503,8846.96194078529,46.056184031322914,368.69116750283587,2413.9383431317137,8200.784421129772,8.728970795397412,372.3919732368185,28.184085890018647,17.051769353352487,machine-1-engine-7,20,3
12.136438307841054,0.3110052946967108,94.14246604917614,612.295528917464,1519.604092075104,1324.060439264345,389.02796695139403,2341.653611357044,8814.636161765276,46.11431521247399,367.77023365918393,2416.7583853320043,8182.741336091292,8.748354459464492,372.7038792292561,28.204647001849757,16.98484385305086,machine-1-engine-7,21,2
12.151903579129058,0.31298871866534306,94.34436076075018,620.2979173369808,1534.6112650475504,1336.3008883663929,385.45820370129064,2356.7476424064,8890.271589119971,46.656429068541456,365.4821090281839,2433.53564409704,8258.022592422838,8.842467548515204,375.7996692149931,27.93107216773187,16.85795951572983,machine-1-engine-7,22,1
12.235880588171252,0.3152042682388805,94.2478798138126,628.4581575954735,1558.3009192633465,1350.934916830232,379.79253298500475,2384.964718282199,8961.514409223395,47.31360516651405,362.42713509272846,2467.3682424255794,8359.397347438358,8.9603981710335,378.95403720807997,27.532896156787356,16.63410056346568,machine-1-engine-7,23,0
11.942372101897625,0.3075316208546764,93.17365181808805,614.8831588077575,1525.0181770450336,1327.2084141836071,389.37392417886724,2346.6072664367307,8848.022374596589,46.1936228142251,368.6897408334886,2420.856365587001,8195.186286890861,8.756046838952876,372.9557129419697,28.04436907441378,16.932507228927566,machine-1-engine-8,1,23
11.943712337138127,0.3065179665992684,93.31832550634682,617.7732935806694,1528.4954772823087,1334.5214553815647,385.175577812593,2354.927594814986,8873.045935269918,46.59375520591651,365.39456562953137,2438.9822946045842,8282.072187303682,8.818189645916258,374.8732290027135,27.943249025892516,16.90537372497194,machine-1-engine-8,2,22
11.908081172711725,0.30602830556276706,93.28123056063728,618.1665303488278,1530.3220645679332,1331.811934065725,385.1907635410059,2359.2196262481507,8885.473748481007,46.49697857614219,366.18706407475344,2438.470521026484,8275.948583541776,8.822978224648509,374.2184207008756,27.954762688534196,16.853309676860185,machine-1-engine-8,3,21
11.938726432436171,0.30626360810196546,93.12045038640026,615.9676054642036,1523.0273019199572,1324.274594935848,388.29721535817833,2350.840644803587,8847.100922987684,46.242429416012065,367.9300205787767,2420.9047704798522,8220.538159046506,8.769843548611433,372.3045202256776,28.201840896618183,16.994894825144303,machine-1-engine-8,4,20
11.930421483584864,0.30598289882616936,93.20648998276245,610.2677635164744,1513.1000828764945,1319.828018196668,391.56512075767597,2326.105724187478,8820.143666442571,45.86852514686445,369.97955833785363,2400.5413475493187,8185.936832450484,8.689244112250499,372.03367899315276,28.417715230193306,17.07667575539686,machine-1-engine-8,5,19
11.945548384077348,0.3068064318198887,93.41683750288948,603.3168549309889,1496.7038926461717,1303.0891294989165,395.16887868544774,2318.939208192513,8770.713601310048,45.28507945922422,371.4709088833393,2394.449152670243,8141.267425741233,8.598304729435466,368.5796136427407,28.631984851046166,17.162076098850722,machine-1-engine-8,6,18
11.975813956765279,0.3069043069053364,93.18398880591705,601.2032581540424,1490.9843211692107,1306.6007222372864,397.98129224522694,2312.9030821430365,8726.294318090699,45.21599563623783,372.8927096389818,2374.4138020901228,8091.708876461287,8.559769106771938,367.33077155106287,28.722088767976576,17.262789923744588,machine-1-engine-8,7,17
12.016226819122968,0.3057526741892719,93.24271700444196,600.9923590521181,1490.0916562942527,1302.7193496641248,398.17187236430294,2311.178364804453,8717.59481877693,45.255557492704185,373.1288012896778,2380.118016441928,8116.715887429025,8.570168313520188,367.81564596515324,28.791147280572908,17.24858430270171,machine-1-engine-8,8,16
11.955973785422481,0.30569571392797773,93.3751112225814,605.2886487356844,1496.996061973625,1310.1061106889515,394.5591227584203,2326.0329189295094,8776.442922182465,45.57411200812226,371.6313469583375,2392.659094199106,8132.537468770537,8.643311901897114,368.96588119884797,28.61539226636238,17.152839513605006,machine-1-engine-8,9,15
11.982243584694688,0.3063565576747631,93.5578209708243,609.8052586679383,1511.1692577909077,1319.9925325146044,389.7552455199906,2333.959957238601,8854.54669815188,45.96010501584657,369.7521424396895,2406.6781703222878,8187.836739768275,8.713732852522481,371.5356499296122,28.38017392976603,16.989991880579254,machine-1-engine-8,10,14
11.914796439384398,0.3112230063931813,93.49998851897185,617.9401740810466,1526.5223913400482,1333.6574955473616,385.9190687467697,2354.2010776331676,8868.855905754896,46.54165387153323,366.94417742328557,2436.049026441989,8254.767736424474,8.791275017176801,374.68822557737883,27.99960938262788,16.87302778957508,machine-1-engine-8,11,13
11.991012927017042,0.306106014037299,93.33471438708584,621.5925580957412,1543.0567605694612,1335.5694275255532,385.08665605101135,2361.8421497652735,8894.701961997442,46.8950618994025,363.9595521261467,2441.3354800009984,8310.760050024011,8.846865148551686,376.4652059723112,27.77745892954528,16.83056851748112,machine-1-engine-8,12,12
12.031056361169995,0.31019224003751483,93.77800543514228,621.3850934430467,1539.1159648666728,1336.2380310677247,382.05672812623015,2362.6726121779093,8894.759233511882,46.876274637460725,364.5246343872322,2449.8030714046454,8268.297366952835,8.879709510146782,376.1178299434293,27.756937283564472,16.830934886782845,machine-1-engine-8,13,11
12.036119005286583,0.30913682363611905,93.38636673996874,622.6709395397736,1544.3046980373101,1339.7000293305985,382.2767160379994,2367.342819963655,8894.315169516476,46.85132168663746,364.6337392822126,2443.56419423659,8297.279088872885,8.856004045322305,375.54914471112187,27.81480408064883,16.80488362484425,machine-1-engine-8,14,10
12.095679004695691,0.3105746441216575,93.47833362449335,616.8932780543201,1530.8945995125853,1334.2312061203297,386.87846697858345,2354.2119644944028,8853.163157397212,46.5128668638764,367.32628928924925,2427.396376836562,8241.145567400601,8.777619622930636,374.1269894181986,28.04625699577488,16.93118528921676,machine-1-engine-8,15,9
12.120969335799085,0.31608455915226646,93.62156228293502,612.0848428507882,1512.6797200286599,1325.5437986037293,391.33781439298616,2343.4403283732127,8837.700543597184,46.059291080480236,369.1290521613806,2413.658796125347,8198.084732517358,8.74995882007326,373.11095282639616,28.24561656335139,17.053512805510394,machine-1-engine-8,16,8
12.129765187326557,0.3142231551791212,93.47278023256443,609.9331156777546,1509.4632184965612,1316.5618193577795,391.8939131734679,2331.9148205705796,8808.316181607144,45.76309148199621,370.49677949783074,2404.230705741391,8157.456269187088,8.675705286974162,370.83931679892044,28.303003987575934,17.048325530255102,machine-1-engine-8,17,7
12.116881849618853,0.31656903879928827,93.72184158336785,610.2602229340625,1514.8681492329924,1320.0957573573478,392.0181053890104,2337.602701939972,8809.084934839237,45.875796084018894,370.2860224882129,2411.591836935276,8172.113655107642,8.69383183844775,370.30288892398454,28.35320061919556,17.068966549976544,machine-1-engine-8,18,6
12.17826991171158,0.31100932863118436,93.498581594258,613.3202880704629,1525.279953318542,1325.050627831931,389.5002427932753,2343.297959754339,8856.852253194917,46.27142740969088,368.43597675069844,2419.3406453606603,8227.358570013585,8.733683065843755,372.89044488584994,28.165431411394742,16.95703555378538,machine-1-engine-8,19,5
12.216763042928628,0.3087488881777923,93.58981626235663,622.1433975468667,1530.2384665946854,1337.822523444252,383.73779288297516,2368.15325194874,8897.876551047435,46.91240971027906,366.0177322953055,2448.088342360565,8274.851073547792,8.868389431102482,375.04734419282556,27.932632367752806,16.835431803754787,machine-1-engine-8,20,4
12.1843471454576,0.3088298304134622,93.79298619943,627.1753297971628,1554.9252735392495,1345.2765230351854,380.42654170142634,2379.296429362881,8959.21517899811,47.33270234807525,362.26659543580325,2464.2469073152565,8340.60705083183,8.949134261452512,377.60717805701904,27.602001243586617,16.662624228808475,machine-1-engine-8,21,3
12.280448334213512,0.3101148490574728,93.88701062169321,630.756137609293,1562.2905840331196,1356.0707736291592,378.41418937104993,2396.973119247743,8998.71093680737,47.750812210996244,361.2771831573413,2472.4258243260597,8357.668109693002,8.994572642623607,380.15235773149124,27.381135682467093,16.611660430567408,machine-1-engine-8,22,2
12.286629817935824,0.3144668821898888,93.69327248971497,631.4092770350222,1565.0834146808027,1356.16390205138,376.41828541071294,2399.170440039383,8994.63835204051,47.6958859824338,360.8941903371648,2484.3214213767046,8373.09617652401,9.004103189099297,381.23680358040826,27.366279782698186,16.557690514915553,machine-1-engine-8,23,1
12.328011492830152,0.31462249456589764,93.69635149478825,630.5502067282711,1557.98640740358,1351.7716063002847,378.3827253179753,2389.3966906392375,8968.903307219618,47.43243230108854,361.41706141514925,2474.021081504451,8369.669702585128,8.966515138700142,379.3204498544359,27.456537473128154,16.59361316373841,machine-1-engine-8,24,0
11.92458448843858,0.30335069350913996,92.76640293977549,616.9548796103885,1525.2522261749812,1331.6476449470879,387.92573565465005,2358.102441918373,8859.915617148295,46.45167086143177,366.41074791888747,2429.0238587524113,8241.761004695201,8.76872335724308,373.6946992937174,28.091163009495922,16.918023014104534,machine-1-engine-9,1,24
12.015743386948687,0.3112311773792222,93.04607995471255,619.9327570863641,1532.8895683013484,1333.1887191193243,385.3970604086398,2358.88428066509,8843.601348085413,46.6178531012289,366.0736460189545,2435.8661730902045,8272.246270353378,8.81449636690012,375.3079569615086,27.91885681241686,16.839918682586774,machine-1-engine-9,2,23
11.979430621923322,0.30597345712942137,92.80295485956428,616.11324471189,1524.0555196853436,1330.612362413327,385.84153610683734,2351.582155344676,8858.123156199707,46.351583243763876,367.5820900480836,2423.3203641127466,8275.037118014356,8.775021735093116,373.026928743527,28.08534392031249,16.90149154102184,machine-1-engine-9,3,22
11.963161861719843,0.30898977864786875,92.71877856118903,609.2666350148024,1505.9472681785853,1317.4955885250272,390.9843248324941,2326.9002317888285,8786.13501826317,45.780431606568335,369.5787277086154,2400.739411954759,8167.586036249036,8.68762643460624,371.15234259768664,28.397004337903088,17.06142701092384,machine-1-engine-9,4,21
11.984346942838423,0.3108553348769717,92.78655309273724,601.7155733440351,1493.0019962230722,1308.3965960677813,396.69039393141003,2311.5491327018854,8752.949283105092,45.2076414154568,373.04397462940557,2373.8318745826673,8089.546462267078,8.588195722644427,368.85053206339654,28.74302878483817,17.214113597645298,machine-1-engine-9,5,20
12.07790126309313,0.3116594730932947,92.94967826677642,598.6718803470633,1490.8345486129328,1305.5273111292374,398.52908935087095,2300.59273458767,8717.240020681646,44.98005941024402,373.91635017994156,2368.6651346834265,8067.765999293503,8.546439676194458,366.51893246044125,28.755932443136608,17.29471417621817,machine-1-engine-9,6,19
12.059378836543663,0.311936681395408,92.77718043542852,603.2139556987347,1493.7244335242387,1309.7804543966959,394.8364676455287,2314.9036619179838,8742.318056670181,45.21440029866852,372.7882685075326,2379.7488177570863,8139.605604261093,8.60664201660415,369.16485262701366,28.665590842223533,17.173348992885714,machine-1-engine-9,7,18
12.051339702776618,0.30838956862695893,92.8977277485995,611.2079785993435,1513.1643458485162,1318.6066015128185,391.04255577499316,2337.6818400531865,8818.47199423341,45.92597130900402,369.3415074062876,2415.018630691564,8200.434974966962,8.73027630320577,372.0993318020561,28.276472072503797,16.99577324103104,machine-1-engine-9,8,17
12.037384522316788,0.31107007743058185,92.95108089150693,619.94827504196,1530.3468922216723,1334.1566262072115,385.98639187450283,2359.892002267783,8879.839020547843,46.74452424483388,366.41375670213057,2437.138776400512,8286.520941559853,8.854064954843903,373.4824842948438,27.931502315218207,16.90376036507612,machine-1-engine-9,9,16
12.038838736288762,0.31070857133964047,92.932140527638,624.1750243101851,1537.3385969038225,1340.5105972016993,383.17004149380125,2370.098735017551,8897.656980259248,46.94176313129085,365.4915134222033,2443.2939341038004,8288.160971664796,8.871643531535085,375.625490394496,27.821614466927464,16.750552108845643,machine-1-engine-9,10,15
12.101372030068639,0.31416515133089273,92.85905063804391,615.6371461367462,1526.6785497814226,1332.096727135141,386.10031470108703,2351.0818777170084,8869.842586557548,46.56620560490619,366.0666314116473,2435.1550069468594,8255.565618399844,8.829383646528415,373.6916633654769,27.94153006000756,16.854158829134455,machine-1-engine-9,11,14
12.089351716123737,0.310590725285883,93.00415439309572,611.2727130921014,1515.2843211259578,1317.2098368494344,391.20000159932675,2330.664871176475,8815.122624166654,45.83974969771006,369.62959059249175,2404.9894393639806,8194.784659368619,8.713914136054274,372.0561078470248,28.283114930355925,17.069436176638987,machine-1-engine-9,12,13
12.142465670129567,0.3111572711755256,92.79951704752494,603.3267308806262,1497.6944555370599,1309.1485577534966,394.57623641445457,2314.1735091080377,8786.440990854984,45.3398149223776,371.73741087065974,2385.530223239642,8130.676507199732,8.630196351107081,369.6987498848131,28.618838786421087,17.17788081016448,machine-1-engine-9,13,12
12.100840434473776,0.3107659078954518,93.25172001814275,604.0275826884498,1495.5425934595817,1309.4680569369639,395.9428148603099,2323.9404586462006,8752.581150820995,45.31440468666431,371.3859399567392,2384.9084375229604,8093.554912452115,8.600989170608532,367.8603700957346,28.614930677582343,17.22608313589037,machine-1-engine-9,14,11
12.136601708282623,0.3106447290159771,93.23779934170172,609.9337287180321,1506.7949229923531,1317.7001235889172,392.1720397522267,2324.2492855392093,8803.455913360944,45.63827230286779,369.9219184349616,2403.912776796718,8161.36576139194,8.680530391489608,371.1476695287358,28.48259378082273,17.113668199118298,machine-1-engine-9,15,10
12.231057369136625,0.30890766205765813,93.03569604053354,620.4763650229129,1536.845714677792,1336.9534376305394,384.89041295987016,2363.1239110346455,8897.73615835615,46.63100135101763,365.85365040333295,2439.7907658660697,8257.922285396766,8.82966600874906,374.90232756810514,27.862065561851935,16.850504250266734,machine-1-engine-9,16,9
12.180627766544866,0.31391241023746397,93.2384739434025,627.6754262616735,1552.9873175667058,1345.062183343424,379.27617503739236,2385.116972469827,8950.432427416026,47.356428587445436,363.3400334153845,2465.5664595948815,8331.874165981846,8.950936847354281,377.9151859901251,27.616960999082636,16.707602446717576,machine-1-engine-9,17,8
12.19527060264407,0.3083828216477305,93.00463955027796,630.2224772724235,1555.0681367537632,1353.8252636247125,379.09760130067224,2393.280360939088,8960.868075820474,47.43529946034305,361.94751383740044,2472.0056110895125,8358.60545099468,8.96624751354007,379.5655654315876,27.535016807375126,16.637732761678876,machine-1-engine-9,18,7
12.287921876623017,0.3153437968768022,93.09506941893338,625.6618926610051,1545.5945275076078,1344.0394758247196,381.0400598601276,2372.4547262929873,8921.522218586859,47.12878500591188,362.10300533355223,2454.102679898302,8303.200233319765,8.897775324588695,377.5587338617658,27.685641245124344,16.678189837526222,machine-1-engine-9,19,6
12.274719049423673,0.31655751860878023,93.21132179737754,618.8619146708334,1528.7407966917897,1334.3923375086404,387.13085552195304,2354.0108866275896,8882.655220360515,46.60364814604898,366.5540689527333,2429.2995023555995,8272.590457969985,8.793688513563348,373.8312039127536,27.967401118338845,16.906224193495692,machine-1-engine-9,20,5
12.267651148372407,0.31538281165464815,93.47817053922402,611.8620447138154,1515.3272417408125,1320.631756429004,389.4597226548271,2343.0733421703762,8821.43018422468,45.96888401322605,368.90991673257207,2413.5453561325753,8195.135026458489,8.727383443116357,371.67654932903906,28.263099036053642,16.9652096320817,machine-1-engine-9,21,4
12.281038229994758,0.3136420610851947,93.1472125095795,612.4074660403538,1513.931425515294,1321.9045375178182,390.2646477857338,2343.7409702595623,8832.117769862321,46.01782480658022,368.9959760987806,2413.5452032661037,8222.065560258672,8.738885797547395,371.52649690523884,28.30541367127022,16.991334704812438,machine-1-engine-9,22,3
12.34155852838421,0.31629623808903395,93.38520573322667,620.399378690481,1531.3019017009528,1333.4245042991727,385.5278473692734,2355.4941324676875,8880.243405119249,46.57158194039138,366.34077655254737,2440.3780211516455,8253.632563302555,8.815718661202494,375.0322100763217,27.93893312040227,16.866555156871136,machine-1-engine-9,23,2
12.353366299866414,0.31636322664970534,93.39531744417265,629.568391887153,1549.9600158985884,1347.0168133914563,379.37518050484135,2379.4182566362515,8970.359820102136,47.31459847567517,362.179986556834,2467.8448018578138,8344.783884278519,8.919180569984432,379.32388050405575,27.611557852272473,16.689246779777996,machine-1-engine-9,24,1
12.437996190084394,0.31347583570285387,93.13665039391047,634.2864392637845,1563.4770541278142,1358.9997188716668,375.4633825110165,2401.027870190358,8987.100679083462,47.969468731667504,360.8579086950266,2484.4373168187644,8395.299996571173,9.041009920916498,381.2610533967432,27.377733691314937,16.54947736863457,machine-1-engine-9,25,0
11.679765648756042,0.29438380720239843,94.48248938264508,611.3592455388161,1514.9380982789587,1322.906645466509,389.1542378062785,2338.4952952453586,8812.962586986516,45.9802156252156,367.6046658334462,2411.970430108559,8183.039137365114,8.7217992469846,372.2020970418485,28.24321589673246,16.961357709460653,machine-1-engine-10,1,25
11.661065933803098,0.3002746690217897,94.33425760779224,615.1749351368996,1523.655299794827,1326.2142735962912,388.70958294385406,2353.540441371046,8829.427661242154,46.23768688877381,368.1761427926663,2428.471490925713,8229.376431907338,8.756180890539646,373.60627090058546,28.043439371902362,16.977345554397893,machine-1-engine-10,2,24
11.69947992765745,0.30105165350115426,94.37183439706514,615.0464567818963,1524.1237254625566,1329.6453540735292,386.71898521189013,2345.493505737677,8869.480315641618,46.421840125942005,365.78134174106145,2417.8281621664364,8231.929053509122,8.777227357158203,374.5777154178504,28.134510383254973,16.940326178279786,machine-1-engine-10,3,23
11.67058184688079,0.2944056672846887,94.29116241229359,614.104269451935,1528.7294431236946,1326.9372742047276,387.47108896843207,2352.5977645602343,8849.187134143302,46.361447369747296,368.2287088080479,2423.9828019072256,8222.212403910708,8.750323713738641,372.9453627047902,28.16202060065095,16.914447117276406,machine-1-engine-10,4,22
11.631510773803699,0.3048308000674159,94.33538901588803,612.4225093579731,1524.7681521146665,1328.0732094107254,389.2861494195761,2338.926040860269,8868.549389600428,46.13055399396997,369.3997031118046,2417.6868577765144,8182.498011422865,8.755578179093904,372.61108308588643,28.277073637855086,17.013167912040714,machine-1-engine-10,5,21
11.751703920758567,0.30319097504193054,94.29897065561217,609.7900720113753,1513.6355722163564,1317.1769435943831,392.12004412750736,2330.193957774985,8811.648448533486,45.741498652200285,370.0025807245164,2405.3023653305227,8174.934857952425,8.679608814680773,370.2233395682614,28.40196360748637,17.052036925528682,machine-1-engine-10,6,20
11.732338183452875,0.3005079948388075,94.25131410182392,606.0592288764274,1503.1868339978864,1315.4057886599267,394.618453911222,2327.0158200969017,8785.549501543615,45.49292300609162,369.6127781071191,2399.8883300892003,8118.161504143241,8.640708156138784,369.9744952309842,28.471065036052675,17.183014158847513,machine-1-engine-10,7,19
11.729189301160744,0.3050838894387646,94.25556439842816,603.4899495695183,1494.8539295688151,1307.4245238799815,396.48934029216974,2316.777664145931,8766.73874955721,45.25355149955534,372.84431395700517,2383.356218688572,8118.930696939129,8.604373827003307,368.26251739862454,28.59105468598216,17.214437418604753,machine-1-engine-10,8,18
11.687258963073889,0.2976818366358292,94.40243510908856,601.6797305228087,1494.7803036925807,1304.1265014997894,397.41118647740075,2308.258314554051,8718.74553123435,45.19571973869067,372.73731783812764,2382.9976860539086,8133.044533020063,8.590812155666473,368.16013821893483,28.65901077009522,17.239894325583034,machine-1-engine-10,9,17
11.738414423055733,0.2939967149486867,94.35453056620717,602.7009943635699,1496.470906727715,1306.2205905973938,395.7390159040629,2313.7495692681937,8757.153267508458,45.18216699408307,372.825771902829,2383.580590213325,8137.375900667195,8.604001604241981,368.8318245511668,28.544509579480934,17.194503053802517,machine-1-engine-10,10,16
11.733395168643051,0.2997532423339644,94.44735954311102,606.994301517082,1500.2751935020608,1311.7250305028517,394.00326497146216,2323.97672397206,8765.817992429149,45.59295451998385,370.7180854283809,2388.9754337680465,8102.2528125171675,8.651845392908617,369.70026251828796,28.512980451432657,17.195822758636005,machine-1-engine-10,11,15
11.789915173475308,0.30043342310773014,94.39445042181218,609.8028278802246,1514.5552674006667,1316.8342081391538,392.0595621398092,2334.0472253701555,8831.683267480352,45.77005105885234,370.391420026936,2413.9061670093197,8169.936793298862,8.700723605318544,372.12976426267664,28.390325742947834,17.051086327240682,machine-1-engine-10,12,14
11.785426351044185,0.30432231371818874,94.72725811081845,613.658311591569,1520.7037261418131,1329.1467876207953,389.9211971091484,2347.8544335507468,8846.212489059057,46.243998354303585,367.67734977462885,2421.0839795738048,8229.040869751676,8.72898595444035,373.4647398012477,28.11983198714802,16.959889401727676,machine-1-engine-10,13,13
11.807200606218807,0.29947193818528883,94.3762456254425,619.7402121732904,1533.304120937176,1328.674695047657,384.87279188157447,2356.5426374060903,8864.907069237088,46.566376109614694,365.4790242646989,2426.137065876174,8264.395664920728,8.800752992881721,374.4855777188326,28.015371139740566,16.86334233632638,machine-1-engine-10,14,12
11.847691112055022,0.30837160209414616,94.60478258244467,622.2437844987315,1541.660449155197,1338.937161200316,382.5002002116301,2373.749063065373,8913.864692895957,46.7747140120157,364.1345874312332,2450.7544224030125,8309.096959712231,8.876280299171091,377.1625219802068,27.729753984072854,16.784015118957225,machine-1-engine-10,15,11
11.817605539838933,0.30236310400486455,94.43145840124238,623.3075411163873,1545.4320098951675,1336.2237092828827,382.0502064110957,2367.798028235242,8878.168289494995,47.005870030668426,363.4597030720951,2448.463107899893,8304.315468815354,8.888681641269388,376.0159111400197,27.785982762368366,16.76433623348088,machine-1-engine-10,16,10
11.883237560043936,0.3001732640316635,94.51398088642942,619.923628937081,1535.8317754819714,1338.4615797693723,384.0835625643207,2366.3453933950877,8907.019348164296,46.83209535368463,365.4786731527126,2441.134269706745,8261.317649534678,8.86979725200163,376.0845479715954,27.896356997809786,16.828128228361763,machine-1-engine-10,17,9
11.837238790069257,0.3003006479312644,94.685489104843,616.9093665967589,1529.1361816738622,1335.2173227159765,386.56841751484274,2360.1963601878515,8877.493175023868,46.49843563130176,365.84229365932475,2427.7015153588277,8253.108607724555,8.806370319134802,375.6800290950481,28.032062708937268,16.883587072921994,machine-1-engine-10,18,8
11.889287187792922,0.30004036696384134,94.70526869652583,616.0982420886697,1524.949304733327,1323.505271798358,389.0714207038456,2341.217945728785,8845.39869093698,46.322148745777895,367.15084976357963,2421.5718670924025,8220.66138846961,8.724693225969322,370.7567815546805,28.173484143655877,17.015475178346893,machine-1-engine-10,19,7
11.950229707794849,0.3024079852968974,94.67685148973723,610.9505168082796,1513.2249989047407,1321.7818841428425,389.4654974398033,2336.92872145582,8844.661298453793,45.91497354750483,369.62529034840134,2410.624206858399,8193.768761004236,8.729391294245167,371.7782001729316,28.276303337429365,17.06371602133824,machine-1-engine-10,20,6
11.89604571496193,0.3087767418464565,94.71574790384669,610.6701674359947,1518.3392359677075,1316.661532461647,390.8363909945244,2341.4710449691793,8783.60542304591,45.88825649202702,369.2756237915482,2409.42239068816,8169.119043188434,8.719141913593186,370.72267047207595,28.251261172978282,17.044960996892538,machine-1-engine-10,21,5
11.97689284935573,0.30263594826126333,94.63384492073017,612.1600202592273,1517.94428587577,1321.417158516476,390.4625277977903,2340.4295670285965,8846.60940483489,46.04949287182434,369.1351379797433,2419.372096156727,8185.386085597529,8.716796248456571,371.70786490840226,28.273123564929385,17.00556992905704,machine-1-engine-10,22,4
11.97795283787803,0.30722646721377844,94.79384542471762,615.5999654314282,1524.6485047137755,1325.3768272983805,387.4349666012302,2346.7050153070013,8855.247871893194,46.29306975458358,367.3457824925042,2420.836249298111,8225.273340941312,8.756449104735644,373.20299276608904,28.154447223672452,16.968238367167288,machine-1-engine-10,23,3
12.031089849842253,0.30682522038510335,94.67209736462993,619.0094708508286,1531.2820442856025,1335.5569182751128,384.2764453403011,2359.7815958326873,8889.510634628163,46.5707894235528,366.0972256674443,2435.742333106704,8286.367233150511,8.834440363685273,375.3043496013751,27.957654327218833,16.857760033318996,machine-1-engine-10,24,2
12.002067768772848,0.3080304156530148,94.8886967987651,623.9459708556445,1542.6892259340977,1339.2416317192058,383.5886758787556,2371.373324432368,8915.295579927504,47.0205370940009,363.8137908454801,2454.1859577727446,8321.368598098048,8.87168796584535,376.9759924643786,27.689516558144124,16.727648059563673,machine-1-engine-10,25,1
12.106181734178303,0.31130364188973353,94.92179393071153,627.735552562691,1549.0448157085434,1348.8643628867344,378.8457208811143,2382.019037174377,8948.239030480925,47.35177795231041,361.60358437099933,2466.3271583033347,8319.995810191262,8.910676163018323,378.3094686367448,27.604035957700376,16.691719973292628,machine-1-engine-10,26,0
12.125280454845045,0.3089750510012363,92.37672574700176,615.5770554712351,1526.7409170510064,1329.9313692218864,387.1781377065511,2352.829306611866,8871.122217511276,46.41765878332334,366.8093125357117,2423.38939394581,8245.959956707306,8.781274144111675,374.34413102067174,28.010866357118154,16.965198088774088,machine-1-engine-11,1,27
12.093997671433891,0.31344807581838485,92.38089085427632,619.7247238445342,1534.6721564038294,1338.0505702384294,383.0700491756741,2355.7607493234573,8883.362606406283,46.724216335986334,365.83260229498194,2432.7244067835813,8267.538226039189,8.833304732239375,375.3806813581773,27.940254985510634,16.80935300800868,machine-1-engine-11,2,26
12.166767246012308,0.31166402629156753,92.51381167381533,615.3134722188441,1531.0947511004651,1333.1305099059862,385.7864178105524,2355.9566154763734,8868.044566480268,46.501886238359134,365.7539591057975,2429.4553662143203,8247.527265368872,8.804363419762776,374.5089150313442,27.911154643952838,16.905353023109818,machine-1-engine-11,3,25
12.1096401975627,0.31432920366493605,92.49890860527545,610.6684647711132,1516.8416149143982,1324.921526014183,391.02779588775553,2337.147318246098,8818.922950086819,45.9312796724903,369.56730558286284,2412.350441395975,8201.038230442111,8.719252514193807,371.4174681099936,28.279195023488747,17.002084686537735,machine-1-engine-11,4,24
12.070612207471612,0.3135342724648628,92.49803692617661,604.3002834782097,1499.7102390000773,1307.7519638400925,395.3537961918286,2314.7583349001798,8767.943008437323,45.337842911214665,371.9032301806996,2386.0757931987487,8115.746077608344,8.62022453813854,368.1080159812742,28.605795818610144,17.249280649388282,machine-1-engine-11,5,23
12.107021455635872,0.3106897521075535,92.52797716249081,599.3752435924029,1486.223015130948,1298.5256709525336,398.7485872874991,2305.374017893166,8726.833736264854,45.113707580519794,372.56380147940496,2375.118972936956,8072.77055681086,8.55583719743141,366.7732751972183,28.81391936061205,17.286565731784872,machine-1-engine-11,6,22
12.12688847295107,0.31301855825173847,92.48696852375019,598.6017934864888,1489.9485652064398,1305.1727292789126,396.9219295781728,2303.991671092786,8745.542142643411,45.09465069006428,373.9300110903997,2376.4130253646235,8100.624120850943,8.57045639761814,368.54967719530464,28.76381180731032,17.245313743477826,machine-1-engine-11,7,21
12.08552238026481,0.3145863086993505,92.55528508956507,607.2563936543756,1505.9418054224327,1319.1323285425096,392.37522309765933,2325.8530767668262,8808.947262478516,45.54872057452825,370.52119679370645,2402.825177543427,8128.212913226423,8.671664684226576,370.3329178711558,28.49836803997245,17.095559068788592,machine-1-engine-11,8,20
12.078473866903616,0.31198773463314855,92.5403322825676,616.0390305370803,1520.5564933118064,1329.1650619532727,387.41900025826845,2344.4764251776564,8874.631574762934,46.21639532561354,366.1546248970964,2431.22310836777,8216.287752226515,8.791438521662954,373.4617827213982,28.107771709296497,16.937072674931954,machine-1-engine-11,9,19
12.126660720721103,0.31058251558771705,92.67136369429532,621.601201158154,1531.108247543042,1337.748057738589,383.50778453929007,2361.681219922804,8904.693951880767,46.82932377465449,365.2293713166467,2444.0228214369604,8291.524445721003,8.827508155854648,375.9572473139701,27.88960796696946,16.82282043169886,machine-1-engine-11,10,18
12.166409521378158,0.311520706370872,92.73136685609948,622.1472782774152,1537.1094421193718,1335.4709326902052,383.4829093167212,2367.844785237281,8929.76355896871,46.794182999775906,364.70561459206067,2444.1469399416123,8252.027964043149,8.847798713314221,376.1012335408476,27.878141308316376,16.763805807155688,machine-1-engine-11,11,17
12.208226014905685,0.31157526490749576,92.52782945244566,616.639718736232,1529.9712710828733,1331.6673644646737,386.4141250168716,2351.040806487954,8867.41453910828,46.48162039781031,366.55245499769785,2432.1735340104124,8266.99494898041,8.79173608928741,373.5715699024684,28.012459765075274,16.921037275968526,machine-1-engine-11,12,16
12.11823288049619,0.3169283387759918,92.4910983946421,609.8674087041967,1508.6429906364247,1317.901400982208,390.98310140167916,2326.6676161917494,8814.165422053502,45.80744769032756,369.59944847282264,2409.2099096873785,8181.609056566573,8.702302133054854,370.79987785205725,28.292913538739437,17.049707433715742,machine-1-engine-11,13,15
12.151944164700563,0.31596888446404303,92.38996692087956,604.7139444021244,1495.9413158276109,1310.0522842918122,394.54197436529535,2316.509750237001,8771.007783767482,45.39884673527269,372.99008038000113,2393.410070769177,8121.217340099746,8.620408612621791,368.86354770365864,28.561653953725887,17.18299559502611,machine-1-engine-11,14,14
12.143039905474742,0.30966484949459594,92.72702458505296,603.3947291817949,1491.7969214068044,1309.646110653435,395.51468444800923,2314.7891293693106,8751.791447918074,45.269190754698634,372.82737909361913,2385.4069533139054,8120.476125532761,8.61339279657453,367.8482746920376,28.67535520470376,17.221467369397082,machine-1-engine-11,15,13
12.24862339178508,0.3109503241384197,92.83196125814104,608.4477286006875,1505.0592506352052,1313.3557273011988,391.98698064215296,2320.3659936343215,8806.68591292458,45.52857405417059,370.2191860155056,2397.9883204372195,8164.200321862984,8.666165917038253,369.9681987672822,28.462244422280687,17.12363931173917,machine-1-engine-11,16,12
12.175088592701707,0.3138130920720293,92.60490964838732,615.2384002518272,1521.3454482095792,1331.3648168950162,388.4244025114622,2344.931944557302,8854.232396152529,46.34586590928869,366.6192298516732,2428.984959688534,8222.952411282196,8.772115850009351,373.19161919151423,28.191611183562298,16.9469020572716,machine-1-engine-11,17,11
12.150573675487953,0.3153623423779314,92.74412927779541,626.0421158943859,1549.8314511077924,1347.7830151820058,379.8178274281388,2373.4693061177786,8942.53974574911,47.33458378330833,363.64614187893596,2456.800447626545,8322.706144635704,8.92789076461062,377.07211704416346,27.610180458535368,16.72948004441048,machine-1-engine-11,18,10
12.287560831707314,0.3187333298415772,92.88339003795218,630.2641133872404,1559.8674502848232,1351.9505907864655,378.6899622995399,2389.0546062333124,8950.239127378978,47.50734723759642,361.88768000625555,2473.2693332028125,8354.174338089386,8.962195792280784,378.3317442377847,27.425125652174497,16.626159891994686,machine-1-engine-11,19,9
12.259541039278076,0.3150979017010159,92.86965613662636,627.7612324381331,1551.1146108906632,1354.620052392499,380.4308006311066,2380.605742482146,8960.610545016814,47.3771221707854,361.7905700333812,2458.6367048978545,8328.421726723373,8.940536588676038,377.5021809581235,27.503894170285296,16.695513925489866,machine-1-engine-11,20,8
12.29179692458334,0.315283769144003,92.76422155360636,623.0319364879962,1538.1222364271407,1337.6384990046147,383.5779724925634,2367.7317956260167,8897.85678297874,46.94037351429804,365.1233711044623,2439.3506132310927,8293.416758781821,8.864206499330642,374.68765704813995,27.852401547170675,16.85413797699434,machine-1-engine-11,21,7
12.353131016276333,0.3170757295307668,92.74694259127834,614.731573375245,1521.9232245595736,1325.965871805338,388.47804520643507,2348.5849323747875,8841.135215328373,46.25647325080476,367.4070550691198,2425.1132340613044,8196.391930820615,8.769229128396205,372.1091402731988,28.11574306900212,16.932290720160076,machine-1-engine-11,22,6
12.303911981852798,0.32443914683554803,93.22257312258935,611.3990384264425,1513.4306269052906,1324.3176421283163,389.92390771297045,2341.503765546057,8823.891281864135,45.902614885042006,368.71003758596197,2412.6755490308556,8217.090867089728,8.726741808773436,372.1403893415578,28.33425845644151,17.033904128226503,machine-1-engine-11,23,5
12.334090379221228,0.3180517070759045,92.88253216012163,614.7283122570711,1523.4182513367487,1326.6653757069605,388.5524398473115,2340.238945419933,8851.441291552852,46.1699901169423,367.0658334490924,2420.846092038842,8220.324654491757,8.762675028412714,372.97052375714486,28.18789147806781,16.976839862601565,machine-1-engine-11,24,4
12.3552316532729,0.3194195721997211,92.89844249476194,621.3969766383673,1536.3113840573415,1339.0154969098048,383.76646454685965,2365.3395672514675,8904.912811805658,46.73826146498059,364.52380319971377,2437.488308920443,8289.296955124984,8.861689709753694,376.33543686521415,27.850040281817446,16.796977172303077,machine-1-engine-11,25,3
12.38004926950653,0.31285697069047974,92.90846584564369,630.5638350132527,1559.6934665558524,1350.3045856692183,378.9854864076205,2392.388213083547,8965.38229584587,47.620729223168624,361.91383478346586,2468.640103731827,8374.274875304498,8.988081093177325,378.39702868139557,27.510844478462715,16.611795720973102,machine-1-engine-11,26,2
12.412619785460807,0.31857996716330955,93.12311913930911,636.1208266211223,1571.7929540058267,1362.432965214036,375.1305507691547,2403.295524184142,8974.191931933801,47.95599666829653,360.1526715984153,2488.7450385963757,8425.644977708327,9.026801240384286,381.59414395853815,27.252205750266057,16.51929110661078,machine-1-engine-11,27,1
12.471777637279994,0.3223587671792829,92.98300169350959,637.7635704354215,1567.4921945160913,1363.939333531471,374.9325111757134,2407.740931641306,9016.525727987666,47.881986748175386,359.50195292638665,2487.382784253593,8410.068482844925,9.049392935772083,381.38447985039585,27.221050710878576,16.50355397801175,machine-1-engine-11,28,0
